monomer,SMILES,class,type,qed,NumHeteroatoms,EState_VSA5,BCUT2D_CHGHI,VSA_EState6,Chi4n,VSA_EState5,FpDensityMorgan3,Chi1v,HallKierAlpha,NumRotatableBonds,PEOE_VSA7,EState_VSA4,BCUT2D_CHGLO,Chi1n,fr_unbrch_alkane,EState_VSA9,NumHAcceptors,NumSaturatedHeterocycles,HeavyAtomCount,VSA_EState7,SMR_VSA6,SlogP_VSA4,fr_NH0,MinPartialCharge,NumHDonors,EState_VSA3,Chi3v,TPSA,SMR_VSA7,MaxPartialCharge,PEOE_VSA9,BertzCT,fr_guanido,Chi4v,MaxAbsPartialCharge,MolLogP,SMR_VSA4,PEOE_VSA1,Kappa2,MinEStateIndex,VSA_EState8,Chi0n,SMR_VSA5,fr_para_hydroxylation,EState_VSA2,LabuteASA,ExactMolWt,NumAromaticRings,Chi1,SlogP_VSA1,BCUT2D_LOGPHI,fr_NH1,SMR_VSA1,Chi3n,MaxAbsEStateIndex,SMR_VSA10,EState_VSA6,NOCount,MolWt,Chi2n,NumAromaticCarbocycles,NumValenceElectrons,VSA_EState3,SlogP_VSA3,SMR_VSA3,MinAbsEStateIndex,SlogP_VSA5,NHOHCount,RingCount,fr_benzene,NumSaturatedRings,Kappa1,BCUT2D_MWHI,FpDensityMorgan1,VSA_EState4,NumAliphaticRings,BalabanJ,MaxEStateIndex,Chi0,SlogP_VSA6,EState_VSA8,FpDensityMorgan2,BCUT2D_MRLOW,MinAbsPartialCharge,PEOE_VSA6,FractionCSP3,PEOE_VSA2,Kappa3,VSA_EState2,NumAliphaticHeterocycles,fr_NH2,PEOE_VSA14,MolMR,HeavyAtomMolWt,PEOE_VSA8,Chi2v,EState_VSA7,BCUT2D_LOGPLOW,Chi0v,SlogP_VSA2,BCUT2D_MRHI,BCUT2D_MWLOW,PEOE_VSA10
G,C(C(=O)O)N,peptide,node,0.42117088793654706,3,0.0,1.8050321424204188,0.0,0.0,-0.9675925925925923,2.2,1.1895326240390474,-0.5700000000000001,1,0.0,0.0,-1.7261145401494347,1.1895326240390474,0,5.106527394840706,2,0,5,0.0,6.544756405912575,0.0,0,-0.4802971300243957,2,0.0,0.17462042625086105,63.31999999999999,0.0,0.3167559784055858,6.544756405912575,42.91260938324327,0,0.0,0.4802971300243957,-0.9702999999999999,5.733667477162185,10.84019487200289,1.7215451895043727,-0.9675925925925923,-0.2777777777777779,2.639918936339994,0.0,0,6.544756405912575,29.39983969147865,75.0320284,0,2.270055610029662,5.733667477162185,1.433902475658762,0,9.901064578912528,0.17462042625086105,9.243055555555555,5.9693052879518484,0.0,3,75.06700000000001,0.5978626884552846,0,30,7.597222222222222,4.794537184071822,0.0,0.2777777777777779,0.0,3,0,0,0,4.43,16.366059254527027,2.0,4.5717592592592595,0,2.847378923087672,9.243055555555555,4.284457050376173,0.0,5.733667477162185,2.2,-0.13483919797703506,0.3167559784055858,0.0,0.5,4.794537184071822,3.429999999999999,9.243055555555555,0,1,5.9693052879518484,16.6902,70.027,0.0,0.5978626884552846,0.0,-2.1042293463557673,2.639918936339994,17.62058908870513,5.680936538605495,10.717499991234304,0.0
A,C[C@@H](C(=O)O)N,peptide,node,0.4513521877377077,3,6.923737199690624,1.990288751785777,-0.7314814814814816,0.0,-0.9629629629629626,2.1666666666666665,1.6270896800996828,-0.5700000000000001,1,6.923737199690624,0.0,-1.8970694528403376,1.6270896800996828,0,10.84019487200289,2,0,6,0.0,0.0,0.0,0,-0.4800942338470611,2,0.0,0.38952755606530876,63.31999999999999,0.0,0.3196779563386595,0.0,59.813537528125096,0,0.0,0.4800942338470611,-0.5817999999999999,5.733667477162185,10.84019487200289,1.7676338396942162,-0.9629629629629626,1.4189814814814814,3.5101624243430725,12.965578028838586,0,0.0,35.76478180587526,89.047678464,0,2.6427344100918364,5.733667477162185,1.6766102095077593,0,9.901064578912528,0.38952755606530876,9.574074074074074,5.9693052879518484,0.0,3,89.09400000000001,1.1269128025836794,0,36,7.8657407407407405,4.794537184071822,0.0,0.7314814814814816,6.923737199690624,3,0,0,0,5.43,16.367425029932832,2.0,4.835648148148148,0,3.2575861612334887,9.574074074074074,5.1547005383792515,0.0,0.0,2.1666666666666665,-0.1375629027552852,0.3196779563386595,0.0,0.6666666666666666,4.794537184071822,1.7215451895043727,9.574074074074074,0,1,5.9693052879518484,21.285200000000003,82.03800000000001,0.0,1.1269128025836794,0.0,-2.250004206438685,3.5101624243430725,17.117673511940517,5.718631580202892,10.385340795249784,6.041840829147961
L,CC(C)C[C@@H](C(=O)O)N,peptide,node,0.5839472301812021,3,0.0,2.1137269386217423,-0.6898148148148151,0.6086849374733664,-0.5557407407407406,2.2222222222222223,3.020936530217035,-0.5700000000000001,3,12.338727669087403,0.0,-2.0694471285604688,3.020936530217035,0,10.84019487200289,2,0,9,0.5509259259259259,0.0,5.917906046161393,0,-0.48008631732626356,2,12.338727669087403,1.0425358217215754,63.31999999999999,0.0,0.319977946620586,0.0,101.23098268032228,0,0.6086849374733664,0.48008631732626356,0.44439999999999996,11.651573523323577,10.84019487200289,3.454517317421779,-0.9132407407407406,3.8944444444444444,5.794619474719246,26.31013685145522,0,0.0,54.859608149065075,131.094628656,0,4.036581260209188,5.733667477162185,2.0108389916712968,0,9.901064578912528,1.0425358217215754,10.109768518518518,5.9693052879518484,0.0,3,131.17499999999995,2.5742798507958478,0,54,8.30587962962963,4.794537184071822,0.0,0.35749999999999993,20.268296022307258,3,0,0,0,8.43,16.367544830314227,1.6666666666666667,5.21787037037037,0,3.5016884512730915,10.109768518518518,7.439157588755425,0.0,0.0,2.111111111111111,-0.1384168132649971,0.319977946620586,13.847474399381248,0.8333333333333334,4.794537184071822,3.9683580080753695,10.109768518518518,0,1,5.9693052879518484,35.06619999999998,118.07099999999998,0.0,2.5742798507958478,13.847474399381248,-2.307587421425895,5.794619474719246,17.117673511940517,5.724698039855708,10.053224128039203,6.041840829147961
M,CSCC[C@@H](C(=O)O)N,peptide,node,0.596996208092774,4,0.0,2.084149327612661,-0.6829166666666671,0.36829336457628337,-0.09995370370370316,2.7777777777777777,4.048757976549948,-0.22000000000000006,4,18.429444413184203,5.752853606746789,-2.017359573111819,2.654911126432596,0,10.84019487200289,3,0,9,2.477252456538171,12.008622790258194,0.0,0,-0.4800860693347356,2,6.4208216229260096,1.5941274674979722,63.31999999999999,0.0,0.31999919762538026,0.0,96.95878455585174,0,0.8579295186575112,0.4800860693347356,0.15140000000000003,5.733667477162185,10.84019487200289,4.6392732499312475,-0.9129166666666662,0.0,5.332624277180031,12.462662452073971,0,0.0,58.61777606003371,149.051049592,0,4.180739212552622,5.733667477162185,1.9723736758176267,0,9.901064578912528,0.9501769166385938,10.070883408919123,17.731190237342965,11.761884949391115,3,149.215,1.7262051547045378,0,54,8.274364134542706,4.794537184071822,0.0,0.5520833333333334,6.4208216229260096,3,0,0,0,8.779999999999998,32.166362768721726,1.8888888888888888,5.189675925925926,0,3.2659073992264416,10.070883408919123,7.276020881938894,0.0,0.0,2.4444444444444446,-0.13804877809510313,0.31999919762538026,0.0,0.8,4.794537184071822,4.294138817480717,10.070883408919123,0,1,5.9693052879518484,38.61019999999999,138.12699999999998,0.0,2.711803714358026,6.255769183511404,-2.298889185539612,6.149120858107757,29.12629630219871,7.980973217881283,10.242435219636969,6.041840829147961
F,C1=CC=C(C=C1)C[C@@H](C(=O)O)N,peptide,node,0.6904627990029388,3,0.0,2.1038574496375704,8.543755196523055,0.9553374414747879,-0.9593953136810274,2.5,3.7222246944901536,-1.35,3,11.984273114623004,5.563451491696996,-2.0442200955261507,3.7222246944901536,0,10.84019487200289,2,0,12,0.38509259259259254,0.0,0.0,0,-0.48007770020344237,2,6.4208216229260096,1.6156375325315593,63.31999999999999,35.89528683400505,0.32031550163956013,0.0,258.4908622767174,0,0.9553374414747879,0.48007770020344237,0.641,5.733667477162185,10.84019487200289,3.8752009284976325,-0.9593953136810274,0.0,6.604020551477751,12.462662452073971,0,0.0,70.82187601193928,165.078978592,1,5.698377302757663,5.733667477162185,2.0076066255738527,0,9.901064578912528,1.6156375325315593,10.378641817838247,5.9693052879518484,0.0,3,165.19199999999998,2.634453445168401,1,64,8.518311602418745,11.21535880699783,0.0,0.38509259259259254,5.563451491696996,3,1,1,0,8.743896713615024,16.3675445870864,1.4166666666666667,6.300260770975058,0,2.584604082397521,10.378641817838247,8.974691494688164,30.33183534230805,0.0,2.0,-0.13799634748519216,0.32031550163956013,30.33183534230805,0.2222222222222222,4.794537184071822,2.3586512364733427,10.378641817838247,0,1,5.9693052879518484,45.75720000000001,154.10399999999998,0.0,2.634453445168401,30.33183534230805,-2.316395437688865,6.604020551477751,17.117673511940517,5.73012470733231,10.076364392744406,6.041840829147961
W,C1=CC=C2C(=C1)C(=CN2)C[C@@H](C(=O)O)N,peptide,node,0.7005840997557369,4,0.0,2.1371615523619307,6.91318357898715,1.6247309891125132,-0.9719619236583517,2.933333333333333,4.716241630346445,-1.81,3,11.629818560158606,16.46637642377805,-2.038308646805265,4.716241630346445,0,10.84019487200289,2,0,15,2.159537037037037,0.0,0.0,0,-0.4800776923593587,3,6.4208216229260096,2.4319435418190687,79.11,36.02576333715651,0.32031692105916915,0.0,490.04850791430727,0,1.6247309891125132,0.4800776923593587,1.1222999999999996,5.733667477162185,15.824173392950097,3.744477633359753,-0.9719619236583517,0.0,8.10402055147775,12.462662452073971,1,0.0,86.71270096468879,204.089877624,2,7.1815405503520555,5.733667477162185,2.18054206112019,1,9.901064578912528,2.4319435418190687,10.626393927941548,16.872230220032904,0.0,4,204.22899999999996,3.5083522099184097,1,78,9.75398116654069,11.21535880699783,4.983978520947208,0.3465740740740739,5.563451491696996,4,2,1,0,9.733912004652453,16.36755355386263,1.4666666666666666,7.434909297052155,0,2.323487371389896,10.626393927941548,10.836498814253963,30.462311845459517,4.983978520947208,2.2,-0.13798871990339606,0.32031692105916915,18.19910120538483,0.18181818181818182,4.794537184071822,1.8453598902256407,13.71035084404132,0,1,5.9693052879518484,57.613900000000015,192.13299999999998,23.520590126620142,3.5083522099184097,30.462311845459517,-2.316121789893532,8.10402055147775,22.10165203288772,5.838005577001777,10.061025939568733,6.041840829147961
K,C(CCN)C[C@@H](C(=O)O)N,peptide,node,0.45717715849655716,4,0.0,2.086236558351493,-0.716157407407408,0.6320636249442058,-0.9333134920634916,2.5,3.366235991837783,-0.6100000000000001,5,19.386399651764595,12.841643245852019,-2.0304066437347483,3.366235991837783,1,16.573862349165076,3,0,10,2.1641666666666666,6.544756405912575,0.0,0,-0.480086447570925,3,12.965578028838586,1.286449931672767,89.34,0.0,0.3199673002470266,0.0,105.9209386162151,0,0.6320636249442058,0.480086447570925,-0.47269999999999873,11.46733495432437,16.573862349165076,5.19660435670694,-0.9333134920634916,0.6035109599395314,5.915939818278889,25.30430569792599,0,0.0,60.199498846077795,146.105527688,0,4.680739212552622,11.46733495432437,1.9643244343517063,0,9.901064578912528,1.286449931672767,10.137221749811035,5.9693052879518484,0.0,4,146.19,2.2291877906591537,0,60,8.325077475434618,4.794537184071822,0.0,0.5203703703703704,19.26246486877803,5,0,0,0,9.39,16.36753873618515,1.5,10.419494047619049,0,3.2148768968244483,10.137221749811035,7.983127663125442,0.0,0.0,2.1,-0.13821509350119374,0.3199673002470266,6.4208216229260096,0.8333333333333334,4.794537184071822,4.286691532146363,10.137221749811035,0,2,5.9693052879518484,38.5166,132.07799999999997,0.0,2.2291877906591537,0.0,-2.2938271455805657,5.915939818278889,23.66242991785309,5.724209332965023,10.123839367585884,6.041840829147961
Q,C(CC(=O)N)[C@@H](C(=O)O)N,peptide,node,0.4560917735982506,5,0.0,2.1081748075498075,-0.9791666666666667,0.4212363029499181,-1.640787037037036,2.3,2.804340371793938,-1.1,4,6.4208216229260096,0.0,-2.0143687725474737,2.804340371793938,0,16.573862349165076,3,0,10,0.12314814814814778,0.0,0.0,0,-0.4800862864649938,3,0.0,1.0189388484196829,106.41,0.0,0.3199828445702351,0.0,145.8284895747849,0,0.4212363029499181,0.4800862864649938,-1.336199999999999,11.46733495432437,16.573862349165076,3.8375573921028465,-1.109953703703703,0.0,5.409974546369657,18.88348407499998,0,12.841643245852019,57.996078831724944,146.06914218,0,4.536581260209188,11.46733495432437,1.91881109526079,0,14.69560176298435,1.0189388484196829,10.100084089191233,11.876485017303354,0.0,5,146.146,1.9497187176048891,0,58,8.217769274376417,9.589074368143644,0.0,0.021296296296296147,12.841643245852019,5,0,0,0,8.9,16.367581214084744,1.5,9.810922146636432,0,3.490729660390813,10.100084089191233,8.146264369941973,0.0,0.0,2.0,-0.1382526989623843,0.3199828445702351,0.0,0.6,9.589074368143644,3.8485659349463233,20.134780801209374,0,2,5.9693052879518484,34.03959999999999,136.06599999999997,6.4208216229260096,1.9497187176048891,0.0,-2.3084818605667254,5.409974546369657,23.02485324129202,5.764682430772362,10.15284569569616,6.041840829147961
E,C(CC(=O)O)[C@@H](C(=O)O)N,peptide,node,0.485975530954351,5,0.0,2.115643113216581,-1.0591666666666668,0.4024526920533751,-2.1963425925925915,2.2,2.739272034949104,-1.1,4,6.4208216229260096,0.0,-2.0093027352008943,2.739272034949104,0,15.946722266843597,3,0,10,-0.22407407407407387,0.0,0.0,0,-0.48122949062943815,3,0.0,0.9864046799972659,100.61999999999999,0.0,0.3199840300766228,0.0,144.58337707694838,0,0.4024526920533751,0.48122949062943815,-0.736899999999999,5.733667477162185,15.946722266843597,3.8375573921028465,-1.1655092592592589,0.0,5.279837872679989,18.88348407499998,0,12.841643245852019,57.45042188690824,147.053157768,0,4.536581260209188,5.733667477162185,1.9291305336064424,0,19.802129157825057,0.9864046799972659,9.993880385487529,11.938610575903697,0.0,5,147.13,1.8771444181011465,0,58,16.272609599395313,9.589074368143644,0.0,0.023148148148147918,12.841643245852019,4,0,0,0,8.9,16.370712609290436,1.4,5.001898148148149,0,3.490729660390813,9.993880385487529,8.146264369941973,0.0,0.0,1.9,-0.13939172926454255,0.3199840300766228,0.0,0.6,9.589074368143644,3.8485659349463233,19.87174225245654,0,1,11.938610575903697,32.480999999999995,138.058,6.4208216229260096,1.8771444181011465,0.0,-2.2996667390590053,5.279837872679989,28.193506194733068,5.74181027230833,10.159875248200164,6.041840829147961
S,C([C@@H](C(=O)O)N)O,peptide,node,0.3942403492047702,4,0.0,2.0646893394819776,-1.1250000000000007,0.07809262867138281,-1.1782407407407407,2.2857142857142856,1.774215467390758,-0.6100000000000001,2,0.0,0.0,-1.9596831282168619,1.774215467390758,0,15.946722266843596,3,0,7,0.0,6.606881964512918,0.0,0,-0.4800213961433728,3,0.0,0.5138937555013049,83.55,0.0,0.3223711468486876,6.606881964512918,72.58027134782354,0,0.07809262867138281,0.4800213961433728,-1.6093999999999995,5.733667477162185,15.946722266843596,2.5439940390036266,-1.1782407407407407,-0.5046296296296298,3.664482801029578,6.041840829147961,0,0.0,40.559015558071266,105.042593084,0,3.1807392125526213,5.733667477162185,1.705001135412048,0,15.007591973753234,0.5138937555013049,9.645324074074074,5.9693052879518484,0.0,4,105.09299999999999,1.1273049261180357,0,42,15.896342592592593,4.794537184071822,0.0,0.5046296296296298,0.0,4,0,0,0,6.390000000000001,16.370562825263438,1.8571428571428572,4.766203703703704,0,3.3434170589539596,9.645324074074074,5.8618073195657985,0.0,0.0,2.2857142857142856,-0.13890072103989215,0.3223711468486876,0.0,0.6666666666666666,4.794537184071822,2.1321150278293133,9.645324074074074,0,1,5.9693052879518484,22.697000000000003,98.037,0.0,1.1273049261180357,0.0,-2.328893963792514,3.664482801029578,28.831082871294136,5.725955569309569,10.349473294626588,6.041840829147961
P,C1C[C@H](NC1)C(=O)O,peptide,node,0.4982089208893278,3,0.0,2.1955553071595393,-0.2685185185185188,0.8953267200055974,-0.7199074074074072,2.75,2.766882893228673,-0.5700000000000001,1,19.386399651764595,19.386399651764595,-1.9903346842688159,2.766882893228673,0,5.106527394840706,2,1,8,1.7840277777777778,6.544756405912575,0.0,0,-0.4800807667669501,2,0.0,1.3584088961206902,49.33,0.0,0.32019187971860097,0.0,96.60179219723159,0,0.8953267200055974,0.4800807667669501,-0.17700000000000032,0.0,10.423315998847038,2.1320002271579725,-0.7199074074074072,0.858101851851852,4.55413249871309,18.88348407499998,0,6.041840829147961,47.69880636773457,115.063328528,0,3.8045304526403108,5.316788604006331,2.0286833802772684,1,9.901064578912528,1.3584088961206902,10.139074074074074,5.9693052879518484,0.0,3,115.13199999999999,1.987176196170154,0,46,11.20722222222222,4.794537184071822,5.316788604006331,0.2685185185185188,12.841643245852019,2,1,0,1,5.564589502018842,16.3679725841475,1.75,0.0,1,2.3499367387767807,10.139074074074074,5.983127663125442,0.0,5.316788604006331,2.5,-0.1385174328605656,0.32019187971860097,0.0,0.8,4.794537184071822,0.9795771931582414,10.139074074074074,1,0,5.9693052879518484,28.660499999999992,106.05999999999999,0.0,1.987176196170154,0.0,-2.2946491909422995,4.55413249871309,23.66242991785309,5.731892573375678,10.225316317979114,6.041840829147961
V,CC(C)[C@@H](C(=O)O)N,peptide,node,0.5369765717084767,3,0.0,2.137944511542788,-0.7129629629629635,0.2851539619879404,-0.9097222222222219,2.0,2.5377732826226422,-0.5700000000000001,2,5.917906046161393,0.0,-2.073996998755509,2.5377732826226422,0,10.84019487200289,2,0,8,0.0,0.0,5.917906046161393,0,-0.48007887022192064,2,0.0,1.0033874747810245,63.31999999999999,0.0,0.3202358658393586,0.0,90.42945954287093,0,0.2851539619879404,0.48007887022192064,0.05430000000000007,11.651573523323577,10.84019487200289,2.667813604184344,-0.9305555555555551,3.553148148148148,5.087512693532699,19.88931522852921,0,5.917906046161393,48.49466603466847,117.078978592,0,3.553418012614795,5.733667477162185,1.9574451663838384,0,9.901064578912528,1.0033874747810245,10.01574074074074,5.9693052879518484,13.847474399381248,3,117.148,2.1080380269083676,0,48,8.227407407407407,4.794537184071822,0.0,0.02083333333333326,13.847474399381248,3,0,0,0,7.43,16.36763178817759,1.625,5.159722222222222,0,3.6376825478398387,10.01574074074074,6.732050807568877,0.0,0.0,2.0,-0.13903990720214524,0.3202358658393586,13.847474399381248,0.8,4.794537184071822,1.9303215294294527,10.01574074074074,0,1,5.9693052879518484,30.44919999999999,106.05999999999999,0.0,2.1080380269083676,0.0,-2.3448336505580327,5.087512693532699,17.117673511940517,5.728031134315254,10.06994962047342,6.041840829147961
I,CC[C@H](C)[C@@H](C(=O)O)N,peptide,node,0.5839472301812021,3,0.0,2.166649124995063,-0.6990740740740742,0.4973280247816243,-0.8408796296296293,2.3333333333333335,3.075778085083427,-0.5700000000000001,3,5.917906046161393,6.4208216229260096,-2.114982452150466,3.075778085083427,0,10.84019487200289,2,0,9,0.812962962962963,0.0,5.917906046161393,0,-0.480078739285162,2,0.0,1.5421551629295736,63.31999999999999,0.0,0.3202466808084985,0.0,103.23098268032228,0,0.4973280247816243,0.480078739285162,0.44439999999999996,11.651573523323577,10.84019487200289,3.454517317421779,-0.9126388888888883,3.7562037037037035,5.794619474719246,26.31013685145522,0,5.917906046161393,54.859608149065075,131.094628656,0,4.09142281507558,5.733667477162185,2.0362409446658796,0,9.901064578912528,1.5421551629295736,10.17462962962963,5.9693052879518484,0.0,3,131.17499999999995,2.2495532657086503,0,54,8.358518518518519,4.794537184071822,0.0,0.07175925925925908,20.268296022307258,3,0,0,0,8.43,16.36764345001576,1.7777777777777777,5.270972222222222,0,3.7161367711827205,10.17462962962963,7.439157588755425,0.0,0.0,2.2222222222222223,-0.13924696360818545,0.3202466808084985,20.268296022307258,0.8333333333333334,4.794537184071822,2.4635710245386835,10.17462962962963,0,1,5.9693052879518484,35.06619999999998,118.07099999999998,0.0,2.2495532657086503,13.847474399381248,-2.356418881861187,5.794619474719246,17.117673511940517,5.728781622917259,10.006554647362321,6.041840829147961
C,C([C@@H](C(=O)O)N)S,peptide,node,0.42438150224218985,4,0.0,2.0567047952500936,-0.8163580246913582,0.07809262867138281,-0.8148148148148147,2.4285714285714284,2.4066709994244335,-0.22000000000000008,2,0.0,0.0,-1.9607609925305014,1.774215467390758,0,10.84019487200289,3,0,7,0.0,5.752853606746789,0.0,0,-0.4800638842024688,3,0.0,0.9072864520142523,63.31999999999999,0.0,0.32082221100587355,0.0,75.33515884998701,0,0.2342778860141484,0.4800638842024688,-0.6719,5.733667477162185,10.84019487200289,2.872924704797209,-1.0046296296296295,0.0,3.664482801029578,6.041840829147961,0,5.752853606746789,46.919848469276985,121.019749464,0,3.1807392125526213,5.733667477162185,1.7952490421939444,0,9.901064578912528,0.5138937555013049,9.756435185185186,18.59809443596484,0.0,3,121.16099999999999,1.1273049261180357,0,42,8.008101851851851,4.794537184071822,0.0,0.18981481481481488,0.0,3,0,0,0,6.78,32.11686661082565,2.0,4.939814814814815,0,3.3434170589539596,9.756435185185186,5.8618073195657985,0.0,12.628789148012991,2.4285714285714284,-0.13741942487671346,0.32082221100587355,0.0,0.6666666666666666,4.794537184071822,2.4720415224913497,9.756435185185186,0,1,5.9693052879518484,29.464199999999998,114.10500000000002,5.752853606746789,1.4924532977881464,0.0,-2.309520287938285,4.558909992029494,22.870527118687306,7.798496773423413,10.376544827549955,6.041840829147961
Y,C1=CC(=CC=C1C[C@@H](C(=O)O)N)O,peptide,node,0.6277204469356521,4,12.13273413692322,2.1085817848615958,5.424914965986394,0.9732748005878347,-0.8604431216931212,2.3846153846153846,3.856515094763092,-1.55,3,24.117007251546227,5.563451491696996,-2.05118973170042,3.856515094763092,0,15.946722266843596,3,0,13,0.27342592592592596,0.0,0.0,0,-0.5079666451758841,3,0.0,1.7091531754759899,83.55,29.828919765543436,0.32031550178849594,0.0,294.23305328030176,0,0.9732748005878347,0.5079666451758841,0.3465999999999994,5.733667477162185,15.946722266843596,3.909515505702705,-1.0203009259259257,0.0,6.973883877788083,12.462662452073971,0,12.170333456209914,75.61610976413529,181.073893212,1,6.092224152875016,5.733667477162185,2.101425351210309,0,15.007591973753234,1.7091531754759899,10.396195830183926,5.9693052879518484,12.13273413692322,4,181.19099999999997,2.815302065725936,1,70,17.47592624086672,11.21535880699783,0.0,0.1598578042328045,5.563451491696996,4,1,1,0,9.537336244541484,16.36759532055028,1.3846153846153846,6.123313492063492,0,2.641763904889644,10.396195830183926,9.84493498269124,24.26546827384644,0.0,1.9230769230769231,-0.13799656128825818,0.32031550178849594,12.13273413692322,0.2222222222222222,4.794537184071822,2.757388143125063,10.396195830183926,0,1,5.9693052879518484,47.42200000000001,170.10299999999998,0.0,2.815302065725936,0.0,-2.316444987108324,6.973883877788083,22.22420090678122,5.730394794627232,10.071563675225846,11.791352662431866
H,C1=C(NC=N1)C[C@@H](C(=O)O)N,peptide,node,0.5411944991131042,5,6.3273200747645415,2.114646874513195,-0.8514351851851856,0.7205511263967199,-1.00037037037037,3.090909090909091,3.155289140651142,-1.36,3,0.0,5.693927994848461,-2.015771766587034,3.155289140651142,0,10.84019487200289,3,0,11,3.3353543083900226,0.0,0.0,1,-0.4800769784103622,3,0.0,1.3118769551126719,92.0,18.21809164122608,0.3203762050978384,6.3273200747645415,231.98525149250435,0,0.7205511263967199,0.4800769784103622,-0.6358999999999995,5.733667477162185,15.824173392950097,3.156503765422208,-1.00037037037037,0.0,5.819183339408831,12.462662452073971,0,6.4208216229260096,63.25068441390008,155.069476528,1,5.198377302757663,5.733667477162185,1.9485393819874393,1,9.901064578912528,1.3118769551126719,10.26621976568405,5.9693052879518484,6.196843571613076,5,155.15699999999998,2.2257009488854402,0,60,8.42151455026455,11.21535880699783,9.967957041894415,0.287037037037037,5.693927994848461,4,1,0,0,7.743734439834026,16.367557010755267,1.9090909090909092,5.996388888888889,0,2.4987607772382443,10.26621976568405,8.267584713501615,12.524163646377618,9.967957041894415,2.6363636363636362,-0.13801418720785213,0.3203762050978384,0.0,0.3333333333333333,4.794537184071822,2.047487035715207,16.76521447467876,0,1,5.9693052879518484,37.902899999999995,146.08499999999998,18.311593189387548,2.2257009488854402,0.0,-2.318022492740352,5.819183339408831,27.085630553834932,5.728836608266225,10.169528464495047,6.041840829147961
R,C(C[C@@H](C(=O)O)N)CN=C(N)N,peptide,node,0.22778310351275471,6,0.0,2.089071192084506,-0.8201861300075592,0.6428319696447106,-0.9874107142857138,2.5,3.575172534330363,-1.3,5,12.841643245852019,0.0,-2.0276400932149663,3.575172534330363,0,22.30752982632726,3,0,12,0.9558333333333334,6.544756405912575,0.0,1,-0.48008644073946455,4,19.386399651764595,1.2848172541592997,127.71999999999998,0.0,0.31996852377674256,0.0,176.3868987998214,1,0.6428319696447106,0.48008644073946455,-1.548099999999999,22.193407164122224,22.30752982632726,5.363379355687048,-1.0002777777777776,0.4199537037037038,6.7333969017819255,18.88348407499998,0,5.959554568743835,70.43471202895063,174.111675688,0,5.5365812602091875,17.201002431486554,1.9388814538856378,0,9.901064578912528,1.2848172541592997,10.217141912320484,11.928859856695684,0.0,6,174.20399999999998,2.393545502643293,0,70,8.380306279919376,4.794537184071822,0.0,0.01286706349206379,12.841643245852019,7,0,0,0,10.7,16.367546646499548,1.5,15.321431720836483,0,3.4399088073379374,10.217141912320484,9.560477932315068,4.992404732635668,4.992404732635668,2.0833333333333335,-0.13819586236067835,0.31996852377674256,0.0,0.6666666666666666,9.786941916707491,5.482229779997874,13.896738473167044,0,3,5.9693052879518484,45.522,160.092,6.544756405912575,2.393545502643293,0.0,-2.297982396679668,6.7333969017819255,29.62198448659693,5.752329535202953,10.157525778134646,6.041840829147961
N,C([C@@H](C(=O)O)N)C(=O)N,peptide,node,0.4239394773771117,5,0.0,2.125815490848217,-1.1643518518518519,0.3040563490674222,-1.9178703703703697,2.111111111111111,2.304340371793938,-1.1,3,0.0,0.0,-1.9937420306810059,2.304340371793938,0,10.84019487200289,3,0,9,-0.3101851851851851,0.0,0.0,0,-0.48007541965947526,3,0.0,0.7382950735896462,106.40999999999998,0.0,0.3205079032307336,6.4208216229260096,133.77443751081734,0,0.3040563490674222,0.48007541965947526,-1.7262999999999993,11.46733495432437,16.573862349165076,3.032306526953668,-1.2140740740740739,0.0,4.702867765183109,12.462662452073971,0,6.4208216229260096,51.63113671732834,132.053492116,0,4.036581260209188,11.46733495432437,1.8390078239636383,0,14.69560176298435,0.7382950735896462,9.993055555555555,11.876485017303354,0.0,5,132.11899999999997,1.6151677282420076,0,52,8.098101851851851,9.589074368143644,0.0,0.3101851851851851,6.4208216229260096,5,0,0,0,7.8999999999999995,16.367683700475077,1.5555555555555556,9.565925925925926,0,3.632432151939845,9.993055555555555,7.439157588755425,0.0,5.733667477162185,2.0,-0.13969099629592846,0.3205079032307336,0.0,0.5,9.589074368143644,3.479710144927536,19.895046296296297,0,2,5.9693052879518484,29.422600000000003,124.055,0.0,1.6151677282420076,0.0,-2.341435289706392,4.702867765183109,23.02485324129202,5.824984241724374,10.20719230847076,6.041840829147961
D,C([C@@H](C(=O)O)N)C(=O)O,peptide,node,0.45202125503537777,5,0.0,2.1389708635817515,-1.2893518518518519,0.27543757635280286,-2.4978703703703697,2.0,2.239272034949104,-1.1,3,0.0,0.0,-1.9853598672843489,2.239272034949104,0,15.946722266843596,3,0,9,-0.5324074074074074,0.0,0.0,0,-0.48117538323698905,3,0.0,0.7117310363094159,100.61999999999999,0.0,0.32057810707028217,6.4208216229260096,132.52932501298082,0,0.27543757635280286,0.48117538323698905,-1.1269999999999998,5.733667477162185,15.946722266843596,3.032306526953668,-1.294074074074074,0.0,4.572731091493441,12.462662452073971,0,0.0,51.08547977251163,133.037507704,0,4.036581260209188,5.733667477162185,1.8553193040644165,0,19.802129157825057,0.7117310363094159,9.846435185185186,11.938610575903697,0.0,5,133.103,1.542593428738265,0,52,16.03199074074074,9.589074368143644,0.0,0.5324074074074074,6.4208216229260096,4,0,0,0,7.8999999999999995,16.37445950808038,1.4444444444444444,4.837037037037037,0,3.632432151939845,9.846435185185186,7.439157588755425,0.0,0.0,1.8888888888888888,-0.1444881494356064,0.32057810707028217,0.0,0.5,9.589074368143644,3.479710144927536,19.61726851851852,0,1,11.938610575903697,27.863999999999997,126.047,0.0,1.542593428738265,0.0,-2.3183883750884378,4.572731091493441,28.193506194733068,5.796663645130883,10.21912055423767,6.041840829147961
T,C[C@H]([C@@H](C(=O)O)N)O,peptide,node,0.42509560262695134,4,6.923737199690624,2.156690678959775,-1.157407407407408,0.2063393452998128,-1.1805555555555556,2.125,2.218621903180177,-0.6100000000000001,2,6.923737199690624,0.0,-2.0649455414351547,2.218621903180177,0,15.946722266843596,3,0,8,-0.9791666666666667,0.0,0.0,0,-0.4800132023099517,3,0.0,0.8048726142168625,83.55,0.0,0.32266366773949673,6.103966387748303,91.28421251514428,0,0.2063393452998128,0.4800132023099517,-1.2208999999999997,5.733667477162185,15.946722266843596,2.637269224813579,-1.1805555555555556,1.3321296296296297,4.5347262890326565,19.069544416586886,0,0.0,46.92395767246787,119.058243148,0,3.553418012614795,5.733667477162185,1.8536490115328146,0,15.007591973753234,0.8048726142168625,9.85574074074074,5.9693052879518484,0.0,4,119.11999999999999,1.6046245126325558,0,48,16.55287037037037,4.794537184071822,0.0,0.9791666666666667,6.923737199690624,4,0,0,0,7.39,16.371466808809572,1.75,4.909722222222222,0,3.6376825478398387,9.85574074074074,6.732050807568877,0.0,0.0,2.125,-0.14037845905718507,0.32266366773949673,0.0,0.75,4.794537184071822,1.9020806561183323,9.85574074074074,0,1,5.9693052879518484,27.291999999999994,110.04799999999999,0.0,1.6046245126325558,0.0,-2.3934500225977686,4.5347262890326565,28.32816729452952,5.732181146355902,10.194708494420048,6.041840829147961
G_amd,C(C(=O)N)N,peptide_amd,node,0.3942533849925703,3,0.0,1.768123002004768,0.0,0.0,-0.46759259259259234,2.0,1.2546009608838813,-0.5700000000000001,1,0.0,0.0,-1.7400752306135885,1.2546009608838813,0,5.733667477162185,2,0,5,0.0,6.544756405912575,0.0,0,-0.368575137721739,2,0.0,0.2011844635310913,69.11,0.0,0.23065745190635842,6.544756405912575,42.912609383243264,0,0.0,0.368575137721739,-1.5695999999999994,11.46733495432437,11.46733495432437,1.7215451895043727,-0.46759259259259234,-0.0555555555555558,2.770055610029662,0.0,0,6.544756405912575,29.945496636295353,74.048012812,0,2.270055610029662,11.46733495432437,1.3559731044096257,0,4.794537184071822,0.2011844635310913,9.465277777777779,5.907179729351506,0.0,3,74.083,0.6704369879590274,0,30,0.0,4.794537184071822,0.0,0.0555555555555558,0.0,4,0,0,0,4.43,16.14663769485221,1.8,9.224537037037038,0,2.847378923087672,9.465277777777779,4.284457050376173,0.0,5.733667477162185,2.0,-0.11620234251932368,0.23065745190635842,0.0,0.5,4.794537184071822,3.429999999999999,9.465277777777779,0,2,0.0,18.248800000000006,68.035,0.0,0.6704369879590274,0.0,-2.211829272904247,2.770055610029662,12.45193613526408,5.750231560326147,10.66450254313439,0.0
A_amd,C[C@@H](C(=O)N)N,peptide_amd,node,0.42325688095200537,3,0.0,1.9585992603540054,-0.5092592592592595,0.0,-0.4629629629629626,2.0,1.6921580169445167,-0.5700000000000001,1,6.923737199690624,0.0,-1.9139285754835842,1.6921580169445167,0,5.733667477162185,2,0,6,0.0,0.0,0.0,0,-0.36833491226468945,2,0.0,0.44878422347333957,69.11,0.0,0.23354886206636083,6.041840829147961,59.813537528125096,0,0.0,0.36833491226468945,-1.181099999999999,11.46733495432437,11.46733495432437,1.7676338396942162,-0.5092592592592595,1.5439814814814814,3.6402990980327403,12.965578028838586,0,0.0,36.31043875069196,88.063662876,0,2.6427344100918364,11.46733495432437,1.6383031902508924,0,4.794537184071822,0.44878422347333957,9.796296296296296,5.907179729351506,6.923737199690624,3,88.11000000000001,1.1910440616569957,0,36,0.0,4.794537184071822,0.0,0.4629629629629626,6.923737199690624,4,0,0,0,5.43,16.14748368136462,1.8333333333333333,9.631944444444443,0,3.2575861612334887,9.796296296296296,5.1547005383792515,0.0,5.733667477162185,2.0,-0.11837086805407215,0.23354886206636083,0.0,0.6666666666666666,4.794537184071822,1.7215451895043727,9.796296296296296,0,2,0.0,22.843800000000005,80.046,0.0,1.1910440616569957,0.0,-2.3248403864578533,3.6402990980327403,11.949020558499466,5.784212419784236,10.358380134480681,0.0
L_amd,CC(C)C[C@@H](C(=O)N)N,peptide_amd,node,0.5572518971549923,3,0.0,2.0922035774372625,-0.4675925925925928,0.6240216915478706,0.024259259259259203,2.111111111111111,3.086004867061869,-0.5700000000000001,3,12.338727669087403,0.0,-2.080232018812437,3.086004867061869,0,11.46733495432437,2,0,9,0.6759259259259259,0.0,5.917906046161393,0,-0.3683253974457267,2,12.338727669087403,1.0907893046167503,69.11,0.0,0.23384604022264063,6.041840829147961,101.23098268032228,0,0.6240216915478706,0.3683253974457267,-0.1548999999999997,17.385241000485763,11.46733495432437,3.454517317421779,-0.4675925925925928,4.0055555555555555,5.924756148408914,26.31013685145522,0,0.0,55.40526509388178,130.110613068,0,4.036581260209188,11.46733495432437,2.004515221110697,0,4.794537184071822,1.0907893046167503,10.331990740740741,5.907179729351506,0.0,3,130.19099999999997,2.6384111098691636,0,54,0.0,4.794537184071822,0.0,0.4132407407407406,20.268296022307258,4,0,0,0,8.43,16.1475683350024,1.5555555555555556,10.263194444444444,0,3.5016884512730915,10.331990740740741,7.439157588755425,0.0,0.0,2.0,-0.11907360079154734,0.23384604022264063,13.847474399381248,0.8333333333333334,4.794537184071822,3.9683580080753695,10.331990740740741,0,2,0.0,36.62479999999998,116.079,0.0,2.6384111098691636,13.847474399381248,-2.3676593984885232,5.924756148408914,11.949020558499466,5.789414027009607,10.046854216296504,0.0
M_amd,CSCC[C@@H](C(=O)N)N,peptide_amd,node,0.5671816550441432,4,0.0,2.0595476608824206,-0.46069444444444474,0.3870769754728264,0.4800462962962968,2.6666666666666665,4.113826313394782,-0.22000000000000006,4,18.429444413184203,5.752853606746789,-2.0302015648303002,2.71997946327743,0,11.46733495432437,3,0,9,2.643068783068783,12.008622790258194,0.0,0,-0.36832509723670986,2,6.4208216229260096,1.6423809503931472,69.11,0.0,0.2338671102486634,6.041840829147961,96.95878455585174,0,0.8767131295540543,0.36832509723670986,-0.44789999999999924,11.46733495432437,11.46733495432437,4.6392732499312475,-0.46069444444444474,0.0,5.462760950869699,12.462662452073971,0,0.0,59.16343300485042,148.067034004,0,4.180739212552622,11.46733495432437,1.966236072006456,0,4.794537184071822,0.9984303995337688,10.293105631141346,17.66906467874262,11.761884949391115,3,148.23099999999997,1.7903364137778541,0,54,0.0,4.794537184071822,0.0,0.41291666666666615,6.4208216229260096,4,0,0,0,8.779999999999998,32.16636275944669,1.7777777777777777,10.218223733938022,0,3.2659073992264416,10.293105631141346,7.276020881938894,0.0,0.0,2.3333333333333335,-0.11876573358698793,0.2338671102486634,0.0,0.8,4.794537184071822,4.294138817480717,10.293105631141346,0,2,0.0,40.1688,136.135,0.0,2.7759349734313417,6.255769183511404,-2.361601039544961,6.279257531797425,23.95764334875766,7.980974097460536,10.225473360637288,0.0
F_amd,C1=CC=C(C=C1)C[C@@H](C(=O)N)N,peptide_amd,node,0.6619452649942481,3,0.0,2.0814396961134705,8.989971182917612,0.968619460114903,-0.4593953136810278,2.4166666666666665,3.7872930313349875,-1.35,3,11.984273114623004,5.563451491696996,-2.0551780381556686,3.7872930313349875,0,11.46733495432437,2,0,12,0.5100925925925927,0.0,0.0,0,-0.3683150386204946,2,6.4208216229260096,1.6638910154267343,69.11,35.89528683400505,0.2341804498462212,6.041840829147961,258.4908622767174,0,0.968619460114903,0.3683150386204946,0.041700000000000015,11.46733495432437,11.46733495432437,3.8752009284976325,-0.5764814814814818,0.0,6.734157225167419,12.462662452073971,0,0.0,71.36753295675598,164.094963004,1,5.698377302757663,11.46733495432437,2.0034227292168043,0,4.794537184071822,1.6638910154267343,10.600864040060468,5.907179729351506,0.0,3,164.20799999999997,2.698584704241717,1,64,0.0,11.21535880699783,0.0,0.4593953136810278,5.563451491696996,4,1,1,0,8.743896713615024,16.147567815212074,1.3333333333333333,11.525134164777024,0,2.584604082397521,10.600864040060468,8.974691494688164,30.33183534230805,0.0,1.9166666666666667,-0.11872287665911496,0.2341804498462212,30.33183534230805,0.2222222222222222,4.794537184071822,2.3586512364733427,10.600864040060468,0,2,0.0,47.31580000000001,152.11199999999997,0.0,2.698584704241717,30.33183534230805,-2.375612469710523,6.734157225167419,11.949020558499466,5.7936763594902425,10.070091578656026,0.0
W_amd,C1=CC=C2C(=C1)C(=CN2)C[C@@H](C(=O)N)N,peptide_amd,node,0.6790937846405626,4,0.0,2.1201463162620753,7.2634134857646755,1.6380130077526283,-0.4719619236583521,2.8666666666666667,4.781309967191279,-1.81,3,18.050640183084617,16.46637642377805,-2.049405957901743,4.781309967191279,0,11.46733495432437,2,0,15,2.340092592592592,0.0,0.0,0,-0.36831502909567876,3,6.4208216229260096,2.480197024714243,84.89999999999999,36.02576333715651,0.23418185738520317,6.041840829147961,489.2936204121438,0,1.6380130077526283,0.36831502909567876,0.5229999999999997,11.46733495432437,16.45131347527158,3.744477633359753,-0.6211054421768711,0.0,8.234157225167419,12.462662452073971,1,0.0,87.25835790950549,203.105862036,2,7.1815405503520555,11.46733495432437,2.1795526573515374,1,4.794537184071822,2.480197024714243,10.84861615016377,16.81010466143256,0.0,4,203.24499999999995,3.5724834689917255,1,78,1.0918518518518519,11.21535880699783,4.983978520947208,0.4715740740740739,5.563451491696996,5,2,1,0,9.733912004652453,16.147574720792214,1.4,12.803214600655076,0,2.323487371389896,10.84861615016377,10.836498814253963,30.462311845459517,4.983978520947208,2.1333333333333333,-0.11871654247809192,0.23418185738520317,18.19910120538483,0.18181818181818182,4.794537184071822,1.8453598902256407,13.973389392794154,0,2,0.0,59.172500000000014,190.141,17.099768503694133,3.5724834689917255,30.462311845459517,-2.3754346308113345,8.234157225167419,16.932999079446674,5.849139299244115,10.055797947040196,0.0
K_amd,C(CCN)C[C@@H](C(=O)N)N,peptide_amd,node,0.4296393652225475,4,0.0,2.06240832294268,-0.4939351851851854,0.6508472358407489,-0.43331349206349157,2.4,3.431304328682617,-0.6100000000000001,5,19.386399651764595,12.841643245852019,-2.042245123826536,3.431304328682617,1,17.201002431486554,3,0,10,2.424722222222222,6.544756405912575,0.0,0,-0.3683255550947934,3,12.965578028838586,1.334703414567942,95.13,0.0,0.2338354846551148,6.041840829147961,105.16605111405163,0,0.6508472358407489,0.3683255550947934,-1.0719999999999985,17.201002431486554,17.201002431486554,5.19660435670694,-0.4939351851851854,0.6443272864701437,6.046076491968557,25.30430569792599,0,0.0,60.7451557908945,145.1215121,0,4.680739212552622,17.201002431486554,1.9565612432322945,0,4.794537184071822,1.334703414567942,10.359443972033258,5.907179729351506,0.0,4,145.206,2.2933190497324696,0,60,0.0,4.794537184071822,0.0,0.43331349206349157,19.26246486877803,6,0,0,0,9.39,16.147563647160435,1.4,15.498755196523055,0,3.2148768968244483,10.359443972033258,7.983127663125442,0.0,0.0,2.0,-0.11890434994424212,0.2338354846551148,6.4208216229260096,0.8333333333333334,4.794537184071822,4.286691532146363,10.359443972033258,0,3,0.0,40.07519999999999,130.08599999999998,0.0,2.2933190497324696,0.0,-2.357355179655231,6.046076491968557,18.493776964412042,5.789012089350649,10.115314872031176,0.0
Q_amd,C(CC(=O)N)[C@@H](C(=O)N)N,peptide_amd,node,0.42756869285109844,5,0.0,2.086946137800447,-0.7569444444444444,0.4400199138464612,-1.0852314814814807,2.1,2.869408708638772,-1.1,4,6.4208216229260096,0.0,-2.0271351613768958,2.869408708638772,0,17.201002431486554,3,0,10,0.32814814814814763,0.0,0.0,0,-0.3696789027592016,3,0.0,1.067192331314858,112.2,0.0,0.23385089701599354,6.041840829147961,145.8284895747849,0,0.4400199138464612,0.3696789027592016,-1.9354999999999993,17.201002431486554,17.201002431486554,3.8375573921028465,-0.7569444444444444,0.0,5.540111220059325,18.88348407499998,0,12.841643245852019,58.54173577654165,145.085126592,0,4.536581260209188,17.201002431486554,1.9077452842933231,0,9.589074368143644,1.067192331314858,10.256918934240362,11.814359458703011,0.0,5,145.16199999999998,2.0138499766782054,0,58,0.0,9.589074368143644,0.0,0.101296296296296,12.841643245852019,6,0,0,0,8.9,16.14949980567318,1.3,14.782875094482238,0,3.490729660390813,10.256918934240362,8.146264369941973,0.0,0.0,1.8,-0.11979629657097542,0.23385089701599354,0.0,0.6,9.589074368143644,3.8485659349463233,20.397819349962205,0,3,0.0,35.59819999999999,134.07399999999998,6.4208216229260096,2.0138499766782054,0.0,-2.3660345523141197,5.540111220059325,17.85620028785097,5.805316710668676,10.142171734446482,0.0
E_amd,C(CC(=O)O)[C@@H](C(=O)N)N,peptide_amd,node,0.4560917735982506,5,0.0,2.0953725921174877,-0.8369444444444445,0.4212363029499181,-1.640787037037036,2.3,2.804340371793938,-1.1,4,6.4208216229260096,0.0,-2.022334705944081,2.804340371793938,0,16.573862349165076,3,0,10,-0.01907407407407402,0.0,0.0,0,-0.4812294972196079,3,0.0,1.034658162892441,106.41,0.0,0.30291604201241595,6.041840829147961,145.8284895747849,0,0.4212363029499181,0.4812294972196079,-1.336199999999999,11.46733495432437,16.573862349165076,3.8375573921028465,-0.9752777777777772,0.0,5.409974546369657,18.88348407499998,0,12.841643245852019,57.996078831724944,146.06914218,0,4.536581260209188,11.46733495432437,1.918951788044486,0,14.69560176298435,1.034658162892441,10.21610260770975,11.876485017303354,0.0,5,146.14599999999996,1.9412756771744628,0,58,8.136472978080121,9.589074368143644,0.0,0.10185185185185208,12.841643245852019,5,0,0,0,8.9,16.36518367652653,1.5,9.89221844293273,0,3.490729660390813,10.21610260770975,8.146264369941973,0.0,0.0,2.0,-0.13678328473489892,0.30291604201241595,0.0,0.6,9.589074368143644,3.8485659349463233,20.134780801209374,0,2,5.9693052879518484,34.03959999999999,136.066,6.4208216229260096,1.9412756771744628,0.0,-2.361254233221736,5.409974546369657,23.02485324129202,5.797892902922663,10.148703047999845,0.0
S_amd,C([C@@H](C(=O)N)N)O,peptide_amd,node,0.3708205932199926,4,0.0,2.036605380744594,-0.9027777777777783,0.0899724272944695,-0.6782407407407407,2.2857142857142856,1.839283804235592,-0.6100000000000001,2,0.0,0.0,-1.9749093289848065,1.839283804235592,0,10.84019487200289,3,0,7,0.0,6.606881964512918,0.0,0,-0.3942071286971857,3,0.0,0.5621472383964797,89.34,0.0,0.23621677812898328,6.606881964512918,73.33515884998701,0,0.0899724272944695,0.3942071286971857,-2.208699999999999,11.46733495432437,16.573862349165076,2.5439940390036266,-0.9027777777777783,-0.37962962962962976,3.7946194747192457,6.041840829147961,0,6.606881964512918,41.10467250288797,104.058577496,0,3.1807392125526213,11.46733495432437,1.6720654067674108,0,9.901064578912528,0.5621472383964797,9.867546296296297,5.907179729351506,0.0,4,104.10900000000001,1.191436185191352,0,42,8.079351851851852,4.794537184071822,0.0,0.37962962962962976,0.0,5,0,0,0,6.390000000000001,16.25386731863459,1.8571428571428572,9.513750000000002,0,3.3434170589539596,9.867546296296297,5.8618073195657985,0.0,5.733667477162185,2.2857142857142856,-0.1194996054013658,0.23621677812898328,0.0,0.6666666666666666,4.794537184071822,2.1321150278293133,9.867546296296297,0,2,0.0,24.255600000000005,96.045,0.0,1.191436185191352,0.0,-2.38653147486918,3.7946194747192457,23.66242991785309,5.790633344905597,10.324988065010558,6.041840829147961
P_amd,C1C[C@H](NC1)C(=O)N,peptide_amd,node,0.4697403824241704,3,0.0,2.176201189054267,-0.0462962962962965,0.9273923495422557,-0.21990740740740722,2.75,2.831951230073507,-0.5700000000000001,1,19.386399651764595,19.386399651764595,-2.005758955710734,2.831951230073507,0,5.733667477162185,2,1,8,1.9890277777777776,6.544756405912575,0.0,0,-0.3683187255098152,2,0.0,1.4037565442974633,55.120000000000005,0.0,0.23405797807106543,6.041840829147961,96.60179219723159,0,0.9273923495422557,0.3683187255098152,-0.7763000000000002,5.733667477162185,11.050456081168516,2.1320002271579725,-0.21990740740740722,0.9381018518518519,4.684269172402757,18.88348407499998,0,11.949020558499466,48.244463312551275,114.07931294,0,3.8045304526403108,11.050456081168516,2.019705055902281,1,4.794537184071822,1.4037565442974633,10.361296296296295,5.907179729351506,0.0,3,114.14800000000001,2.0513074552434705,0,46,2.9814814814814814,4.794537184071822,5.316788604006331,0.0462962962962965,12.841643245852019,3,1,0,1,5.564589502018842,16.147905593440278,1.75,4.996296296296296,1,2.3499367387767807,10.361296296296295,5.983127663125442,0.0,5.316788604006331,2.5,-0.11914565787885824,0.23405797807106543,0.0,0.8,4.794537184071822,0.9795771931582414,10.361296296296295,1,1,0.0,30.219099999999997,104.068,0.0,2.0513074552434705,0.0,-2.3556016030849123,4.684269172402757,18.493776964412042,5.795520623361974,10.211091418225454,0.0
V_amd,CC(C)[C@@H](C(=O)N)N,peptide_amd,node,0.5081565705289418,3,0.0,2.1151227063870808,-0.4907407407407409,0.32853285321782977,-0.2847222222222219,1.875,2.602841619467476,-0.5700000000000001,2,5.917906046161393,0.0,-2.0871415495088117,2.602841619467476,0,11.46733495432437,2,0,8,0.0,0.0,5.917906046161393,0,-0.3683164513969849,2,0.0,1.0467663660109139,69.11,0.0,0.23410150560089246,6.041840829147961,90.42945954287093,0,0.32853285321782977,0.3683164513969849,-0.5449999999999993,17.385241000485763,11.46733495432437,2.667813604184344,-0.4907407407407409,3.7131481481481483,5.217649367222367,19.88931522852921,0,5.917906046161393,49.040322979485175,116.094963004,0,3.553418012614795,11.46733495432437,1.9462014513579797,0,4.794537184071822,1.0467663660109139,10.237962962962962,5.907179729351506,0.0,3,116.16400000000002,2.172169285981684,0,48,0.0,4.794537184071822,0.0,0.14583333333333326,13.847474399381248,4,0,0,0,7.43,16.147628673165727,1.5,10.157685185185185,0,3.6376825478398387,10.237962962962962,6.732050807568877,0.0,0.0,1.875,-0.11957924025996192,0.23410150560089246,13.847474399381248,0.8,4.794537184071822,1.9303215294294527,10.237962962962962,0,2,0.0,32.007799999999996,104.068,0.0,2.172169285981684,13.847474399381248,-2.39890797572725,5.217649367222367,11.949020558499466,5.792296763204375,10.060392589051684,0.0
I_amd,CC[C@H](C)[C@@H](C(=O)N)N,peptide_amd,node,0.5572518971549923,3,0.0,2.1461150052108393,-0.4768518518518521,0.5343542244710732,-0.21587962962962925,2.2222222222222223,3.140846421928261,-0.5700000000000001,3,5.917906046161393,6.4208216229260096,-2.1265215933059043,3.140846421928261,0,11.46733495432437,2,0,9,0.892962962962963,0.0,5.917906046161393,0,-0.3683162929043939,2,0.0,1.5855340541594631,69.11,0.0,0.23411222844584162,6.041840829147961,103.23098268032228,0,0.5343542244710732,0.3683162929043939,-0.1548999999999997,17.385241000485763,11.46733495432437,3.454517317421779,-0.4768518518518521,3.8917592592592594,5.924756148408914,26.31013685145522,0,5.917906046161393,55.40526509388178,130.110613068,0,4.09142281507558,11.46733495432437,2.028861138008391,0,4.794537184071822,1.5855340541594631,10.396851851851851,5.907179729351506,0.0,3,130.19099999999997,2.313684524781966,0,54,0.0,4.794537184071822,0.0,0.19675925925925908,20.268296022307258,4,0,0,0,8.43,16.14763753193579,1.6666666666666667,10.344490740740742,0,3.7161367711827205,10.396851851851851,7.439157588755425,0.0,0.0,2.111111111111111,-0.11975404059735795,0.23411222844584162,20.268296022307258,0.8333333333333334,4.794537184071822,2.4635710245386835,10.396851851851851,0,2,0.0,36.62479999999998,116.079,0.0,2.313684524781966,13.847474399381248,-2.407733650842108,5.924756148408914,11.949020558499466,5.792915771542127,9.999367751254738,0.0
C_amd,C([C@@H](C(=O)N)N)S,peptide_amd,node,0.39756646737405116,4,0.0,2.0286549457008745,-0.5941358024691361,0.0899724272944695,-0.18981481481481466,2.2857142857142856,2.4717393362692675,-0.22000000000000008,2,0.0,0.0,-1.9763627704515505,1.839283804235592,0,11.46733495432437,3,0,7,0.0,5.752853606746789,0.0,0,-0.3682984361567255,3,5.752853606746789,0.9555399349094271,69.11,0.0,0.23468239181872913,6.041840829147961,75.33515884998701,0,0.26991728188340847,0.3682984361567255,-1.2711999999999994,11.46733495432437,11.46733495432437,2.872924704797209,-0.5941358024691361,0.0,3.7946194747192457,6.041840829147961,0,0.0,47.465505414093684,120.035733876,0,3.1807392125526213,11.46733495432437,1.7749438135854407,0,4.794537184071822,0.5621472383964797,9.978657407407407,18.535968877364496,0.0,3,120.177,1.191436185191352,0,42,0.0,4.794537184071822,0.0,0.3148148148148149,0.0,4,0,0,0,6.78,32.116866600394275,1.8571428571428572,9.798472222222223,0,3.3434170589539596,9.978657407407407,5.8618073195657985,0.0,12.628789148012991,2.2857142857142856,-0.11825556936327727,0.23468239181872913,0.0,0.6666666666666666,4.794537184071822,2.4720415224913497,9.978657407407407,0,2,0.0,31.022800000000004,112.113,5.752853606746789,1.5565845568614627,0.0,-2.371656330844225,4.689046665719162,17.701874165246256,7.798511022979774,10.35017731532352,0.0
Y_amd,C1=CC(=CC=C1C[C@@H](C(=O)N)N)O,peptide_amd,node,0.5986652045279206,4,0.0,2.0871803471462846,5.839880952380952,0.9865568192279497,-0.3291931216931212,2.3846153846153846,3.921583431607926,-1.55,3,24.117007251546227,5.563451491696996,-2.0612952442807235,3.921583431607926,0,16.573862349165076,3,0,13,0.39842592592592596,0.0,0.0,0,-0.5079666451760156,3,6.4208216229260096,1.7574066583711647,89.34,29.828919765543436,0.23418044999392207,6.041840829147961,294.9879407824652,0,0.9865568192279497,0.5079666451760156,-0.25270000000000037,11.46733495432437,16.573862349165076,3.909515505702705,-0.6624603174603179,0.0,7.104020551477751,12.462662452073971,0,5.749511833283905,76.161766708952,180.089877624,1,6.092224152875016,11.46733495432437,2.100035579275932,0,9.901064578912528,1.7574066583711647,10.618418052406147,5.907179729351506,24.26546827384644,4,180.20699999999997,2.879433324799252,1,70,8.97709766313933,11.21535880699783,0.0,0.1911078042328045,5.563451491696996,5,1,1,0,9.537336244541484,16.25466855526444,1.3846153846153846,11.328703861174098,0,2.641763904889644,10.618418052406147,9.84493498269124,24.26546827384644,0.0,1.9230769230769231,-0.1187230605983055,0.23418044999392207,12.13273413692322,0.2222222222222222,4.794537184071822,2.757388143125063,10.618418052406147,0,2,0.0,48.98060000000001,168.11099999999996,0.0,2.879433324799252,0.0,-2.3756373123235144,7.104020551477751,17.055547953340174,5.793850365194438,10.065596907217396,5.749511833283905
H_amd,C1=C(NC=N1)C[C@@H](C(=O)N)N,peptide_amd,node,0.507774436636542,5,6.3273200747645415,2.093058453357383,-0.6292129629629633,0.733833145036835,-0.5003703703703699,3.0,3.220357477495976,-1.36,3,0.0,5.693927994848461,-2.0285385651915604,3.220357477495976,0,11.46733495432437,3,0,11,3.5567261904761907,0.0,0.0,1,-0.36831416487819124,3,6.4208216229260096,1.3601304380078467,97.78999999999999,18.21809164122608,0.23424063689902594,12.369160903912501,230.7401389946678,0,0.733833145036835,0.36831416487819124,-1.235199999999999,11.46733495432437,16.45131347527158,3.156503765422208,-0.6292129629629633,0.0,5.9493200130984984,12.462662452073971,0,0.0,63.79634135871679,154.08546094,1,5.198377302757663,11.46733495432437,1.9415581119475955,1,4.794537184071822,1.3601304380078467,10.488441987906274,5.907179729351506,6.196843571613076,5,154.17299999999997,2.289832207958756,0,60,0.0,11.21535880699783,9.967957041894415,0.412037037037037,5.693927994848461,5,1,0,0,7.743734439834026,16.147578757115163,1.8181818181818181,11.15571523053666,0,2.4987607772382443,10.488441987906274,8.267584713501615,12.524163646377618,9.967957041894415,2.5454545454545454,-0.11873776223145804,0.23424063689902594,0.0,0.3333333333333333,4.794537184071822,2.047487035715207,17.083808578987153,0,2,0.0,39.4615,144.093,18.311593189387548,2.289832207958756,0.0,-2.376795164767798,5.9493200130984984,21.91697760039388,5.7927326422919,10.157592808352701,0.0
R_amd,C(C[C@@H](C(=O)N)N)CN=C(N)N,peptide_amd,node,0.2141019543158319,6,0.0,2.065604724918023,-0.5979639077853369,0.6616155805412537,-0.4561607142857138,2.3333333333333335,3.640240871175197,-1.3,5,12.841643245852019,0.0,-2.0392351765512373,3.640240871175197,0,22.93466990864874,3,0,12,1.1608333333333334,6.544756405912575,0.0,1,-0.37015315251144815,4,19.386399651764595,1.3330707370544745,133.51,0.0,0.23383669792051723,6.041840829147961,174.7772583253846,1,0.6616155805412537,0.37015315251144815,-2.1473999999999984,27.92707464128441,22.93466990864874,5.363379355687048,-0.5979639077853369,0.47550925925925913,6.863533575471594,18.88348407499998,0,5.959554568743835,70.98036897376733,173.12766009999999,0,5.5365812602091875,22.93466990864874,1.9297276886402714,0,4.794537184071822,1.3330707370544745,10.439364134542707,11.866734298095341,0.0,6,173.22,2.457676761716609,0,70,0.0,4.794537184071822,0.0,0.04411706349206379,12.841643245852019,8,0,0,0,10.7,16.14756999449683,1.3333333333333333,20.424671674225245,0,3.4399088073379374,10.439364134542707,9.560477932315068,4.992404732635668,4.992404732635668,1.9166666666666667,-0.11888800371781069,0.23383669792051723,0.0,0.6666666666666666,9.786941916707491,5.482229779997874,14.15977702191988,0,4,0.0,47.080600000000004,158.10000000000002,6.544756405912575,2.457676761716609,0.0,-2.3590948315835214,6.863533575471594,24.453331533155875,5.790018116718404,10.14656070735012,0.0
N_amd,C([C@@H](C(=O)N)N)C(=O)N,peptide_amd,node,0.39906275943796216,5,0.0,2.1039246183905704,-0.9421296296296295,0.3173383677075373,-1.3378703703703696,1.8888888888888888,2.369408708638772,-1.1,3,0.0,0.0,-2.007305414921732,2.369408708638772,0,17.201002431486554,3,0,9,-0.18518518518518512,0.0,0.0,0,-0.36961487379471103,3,0.0,0.7865485564848211,112.2,0.0,0.23437121569959227,12.462662452073971,133.77443751081734,0,0.3173383677075373,0.36961487379471103,-2.325599999999999,17.201002431486554,17.201002431486554,3.032306526953668,-0.9421296296296295,0.0,4.833004438872777,12.462662452073971,0,6.4208216229260096,52.176793662145045,131.069476528,0,4.036581260209188,17.201002431486554,1.820894298502243,0,9.589074368143644,0.7865485564848211,10.124212962962963,11.814359458703011,0.0,5,131.135,1.679298987315324,0,52,0.0,9.589074368143644,0.0,0.18518518518518512,6.4208216229260096,6,0,0,0,7.8999999999999995,16.15163035054883,1.3333333333333333,14.459027777777777,0,3.632432151939845,10.124212962962963,7.439157588755425,0.0,0.0,1.7777777777777777,-0.123868166888885,0.23437121569959227,0.0,0.5,9.589074368143644,3.479710144927536,20.17282407407407,0,3,0.0,30.981200000000005,122.063,0.0,1.679298987315324,0.0,-2.3906100661738723,4.833004438872777,17.85620028785097,5.857683900709176,10.192620417981757,0.0
D_amd,C([C@@H](C(=O)N)N)C(=O)O,peptide_amd,node,0.4239394773771117,5,0.0,2.117992460449005,-1.0671296296296295,0.288719594992918,-1.9178703703703697,2.111111111111111,2.304340371793938,-1.1,3,0.0,0.0,-1.9991006622114948,2.304340371793938,0,10.84019487200289,3,0,9,-0.40740740740740744,0.0,0.0,0,-0.4811762169631846,3,0.0,0.7599845192045909,106.41000000000001,0.0,0.30496418143658516,12.462662452073971,133.77443751081734,0,0.288719594992918,0.4811762169631846,-1.7262999999999993,11.46733495432437,16.573862349165076,3.032306526953668,-1.1237962962962957,0.0,4.702867765183109,12.462662452073971,0,0.0,51.63113671732834,132.053492116,0,4.036581260209188,11.46733495432437,1.838981737403872,0,14.69560176298435,0.7599845192045909,10.068657407407407,11.876485017303354,0.0,5,132.11900000000003,1.6067246878115813,0,52,8.045,9.589074368143644,0.0,0.40740740740740744,6.4208216229260096,5,0,0,0,7.8999999999999995,16.365443617481017,1.5555555555555556,9.619027777777777,0,3.632432151939845,10.068657407407407,7.439157588755425,0.0,5.733667477162185,2.0,-0.1386105628331461,0.30496418143658516,0.0,0.5,9.589074368143644,3.479710144927536,19.895046296296297,0,2,5.9693052879518484,29.4226,124.05499999999999,0.0,1.6067246878115813,0.0,-2.3753379813839657,4.702867765183109,23.02485324129202,5.838955568901105,10.203733223506687,0.0
T_amd,C[C@H]([C@@H](C(=O)N)N)O,peptide_amd,node,0.39853164028654914,4,6.923737199690624,2.1340237184208055,-0.9351851851851858,0.23772860587261765,-0.6805555555555556,2.125,2.283690240025011,-0.6100000000000001,2,6.923737199690624,0.0,-2.0776476238182937,2.283690240025011,0,16.573862349165076,3,0,8,-0.8541666666666667,0.0,0.0,0,-0.39124582411594877,3,0.0,0.8482515054467519,89.34,0.0,0.23650654796830814,6.103966387748303,92.03910001730775,0,0.23772860587261765,0.39124582411594877,-1.8201999999999994,11.46733495432437,16.573862349165076,2.637269224813579,-0.9351851851851858,1.4121296296296295,4.664862962722324,19.069544416586886,0,0.0,47.46961461728458,118.07422756,0,3.553418012614795,11.46733495432437,1.8366127624288313,0,9.901064578912528,0.8482515054467519,10.077962962962964,5.907179729351506,0.0,4,118.13600000000001,1.668755771705872,0,48,8.565462962962963,4.794537184071822,0.0,0.6805555555555556,6.923737199690624,5,0,0,0,7.39,16.268709394093168,1.75,9.747685185185185,0,3.6376825478398387,10.077962962962964,6.732050807568877,0.0,0.0,2.125,-0.12076893037896966,0.23650654796830814,0.0,0.75,4.794537184071822,1.9020806561183323,10.077962962962964,0,2,0.0,28.850599999999996,108.056,0.0,1.668755771705872,0.0,-2.438552693604254,4.664862962722324,23.159514341088475,5.79596823673726,10.17992907149958,6.041840829147961
Tma,C[N+](C)(C)CCCNC(=O)C=C,polymer,node,0.3616241327790391,3,6.076020106833881,2.047494403849356,0.0,0.837155541783174,-0.08665816326530584,2.5,4.162469513400593,-0.8300000000000001,5,6.076020106833881,23.993365292445784,-2.230788567119306,4.162469513400593,0,0.0,1,0,12,2.3006207482993197,34.23252875985672,0.0,1,-0.3523456759989826,1,0.0,1.4903372337689607,29.1,12.654955790432378,0.24288489469822938,27.687772353944144,158.4016955022024,0,0.837155541783174,0.3523456759989826,0.3849000000000001,0.0,9.799819461700956,4.930467203885408,-0.08665816326530584,5.175520833333334,8.261239279899637,6.4208216229260096,0,5.907179729351506,74.65037435126867,171.14918964809,0,5.454507021897173,5.316788604006331,1.9105799845458304,1,9.277568041766447,1.4903372337689607,10.70203656462585,5.907179729351506,0.0,3,171.26399999999998,3.8626358835333385,0,70,2.7379166666666666,4.794537184071822,5.316788604006331,0.08665816326530584,6.4208216229260096,1,0,0,0,11.17,16.148405303423974,1.5,0.0,0,3.3354313218093616,10.70203656462585,9.612884175122366,12.654955790432378,33.038740235636396,2.0833333333333335,-0.8699628760533867,0.24288489469822938,6.578935683598497,0.6666666666666666,4.794537184071822,7.279051254089422,10.70203656462585,0,0,0.0,50.723100000000024,152.11199999999997,12.965578028838586,3.8626358835333385,0.0,-2.3680755372319093,8.261239279899637,44.62273934690285,5.862228245586627,10.342408839928883,0.0
Aeg,NC(=[NH2+])NCCNC(=O)C=C,polymer,node,0.15112156927835596,5,6.076020106833881,1.9449114437610442,0.0,0.46470617090279576,-0.055328798185940276,2.5454545454545454,3.185504620666781,-1.52,4,6.076020106833881,0.0,-1.985502053279291,3.185504620666781,0,11.142951082953708,1,0,11,1.2038860544217687,13.08951281182515,0.0,0,-0.3493893106503147,4,13.08951281182515,0.9387504074458997,92.74000000000001,12.654955790432378,0.3383303354726425,6.544756405912575,165.9652183115396,1,0.46470617090279576,0.3493893106503147,-3.0479999999999983,5.733667477162185,5.316788604006331,5.279373319802739,-0.20611772486772462,4.278151612496851,6.261619441592384,0.0,0,11.866734298095341,65.16084673116569,157.10838745609,0,5.163902460147014,21.776528290966368,1.6333634325937048,2,10.203820789863343,0.9387504074458997,10.530232426303854,11.866734298095341,0.0,5,157.197,1.8772701071978148,0,62,10.28413564499874,4.794537184071822,10.633577208012662,0.15078892668178434,0.0,6,0,0,0,9.48,16.148424702768303,1.5454545454545454,5.09225639329806,0,3.2079029660177287,10.530232426303854,8.69023444431199,12.654955790432378,17.21251289161116,2.090909090909091,-0.12026468137146744,0.3383303354726425,6.578935683598497,0.3333333333333333,21.25427687103186,6.364183133632646,10.530232426303854,0,2,5.959554568743835,42.32920000000001,144.093,6.544756405912575,1.8772701071978148,0.0,-2.5525286581191207,6.261619441592384,24.95624710992049,5.863181142549023,10.512856323746718,0.0
Mo,C=CC(=O)N1CCOCC1,polymer,node,0.48209373630702257,3,6.076020106833881,2.122517844742904,0.0,0.9128374368203326,0.0030555555555562552,2.6,3.3344601692638887,-0.8300000000000001,1,6.076020106833881,0.0,-2.2481225352104013,3.3344601692638887,0,4.736862953800049,2,1,10,1.3386111111111112,26.303276740850986,0.0,1,-0.3777737935494072,0,26.303276740850986,1.497377941156182,29.540000000000003,12.654955790432378,0.2456139480998847,13.213763929025836,138.54153309698194,0,0.9128374368203326,0.3777737935494072,0.031199999999999894,0.0,9.636772684650527,3.366309336701694,0.0030555555555562552,6.107018140589569,5.8765943515500485,0.0,0,5.907179729351506,60.26837052824971,141.078978592,0,4.842535255101096,0.0,1.9621722530032093,0,9.53140013787187,1.497377941156182,10.919166666666667,5.907179729351506,4.899909730850477,3,141.17,2.1417824081833667,0,56,0.0,9.53140013787187,4.899909730850477,0.0030555555555562552,0.0,0,1,0,1,7.279051254089422,16.477818478986823,1.5,0.0,1,2.380539912791972,10.919166666666667,7.397341225498538,12.654955790432378,6.578935683598497,2.1,-0.12944762999086196,0.2456139480998847,6.578935683598497,0.5714285714285714,4.794537184071822,1.5736854658634327,12.651805555555557,1,0,0.0,37.596000000000004,130.082,13.08951281182515,2.1417824081833667,0.0,-2.391605772674519,5.8765943515500485,37.11036620105297,5.865110414033397,10.380311220090267,0.0
Mep,COCCCNC(=O)C=C,polymer,node,0.44450379173694493,3,6.076020106833881,1.8996933976748365,0.0,0.5002633021998174,-0.12860827664399066,3.0,3.2015243859425575,-0.8300000000000001,5,12.49684172975989,6.4208216229260096,-1.9903552425884448,3.2015243859425575,0,4.736862953800049,2,0,10,2.100082199546485,20.26143591170303,0.0,0,-0.3846203197191267,1,13.151638370425493,1.009864670039943,38.33,12.654955790432378,0.24288266405543474,0.0,112.1737343120833,0,0.5002633021998174,0.3846203197191267,0.3251,0.0,10.05365155780638,6.292399020807833,-0.12860827664399066,4.645690586419753,6.222273974863542,6.4208216229260096,0,5.907179729351506,61.064230195183626,143.094628656,0,4.808060412490447,5.316788604006331,1.7630559106508987,1,9.53140013787187,1.009864670039943,10.504970238095238,5.907179729351506,7.109797541277533,3,143.186,1.8415042810597169,0,58,2.630138888888889,9.53140013787187,5.316788604006331,0.12860827664399066,6.4208216229260096,1,0,0,0,9.17,16.461440822264812,1.8,0.0,0,3.033873494743956,10.504970238095238,7.819990956308912,12.654955790432378,11.895724287604828,2.5,-0.11601827045199105,0.24288266405543474,6.578935683598497,0.5714285714285714,4.794537184071822,5.309470013947001,10.504970238095238,0,0,0.0,39.6997,130.082,20.26143591170303,1.8415042810597169,0.0,-2.22103492266012,6.222273974863542,26.168615641054533,5.86221993404619,10.417567382491308,0.0
Ni,CC(C)NC(=O)C=C,polymer,node,0.5245239237259003,2,6.076020106833881,1.931947457121665,0.20879629629629615,0.34344336196330366,-0.11111111111111094,2.375,2.5944232432646723,-0.79,2,19.92349450621513,0.0,-2.022183046435216,2.5944232432646723,0,0.0,1,0,8,1.2638888888888888,0.0,0.0,0,-0.3503992434452453,1,0.0,0.6163294389763244,29.1,12.654955790432378,0.24307676439207612,0.0,96.70165766734146,0,0.34344336196330366,0.3503992434452453,0.6969999999999998,0.0,5.316788604006331,3.242623436781632,-0.11111111111111094,7.109953703703704,5.270055610029662,19.88931522852921,0,11.949020558499466,49.58574285128014,113.084063972,0,3.663902460147014,5.316788604006331,1.7485757501298138,1,4.794537184071822,0.6163294389763244,10.393055555555556,5.907179729351506,0.0,2,113.15999999999998,1.8674130210197202,0,46,2.6354166666666665,4.794537184071822,5.316788604006331,0.11111111111111094,13.847474399381248,1,0,0,0,7.21,16.148598415907575,1.75,0.0,0,3.3884632992990866,10.393055555555556,6.568914100752346,12.654955790432378,11.895724287604828,2.25,-0.11644626645650856,0.24307676439207612,6.578935683598497,0.5,4.794537184071822,3.401938579654511,10.393055555555556,0,0,0.0,33.47569999999999,102.07199999999999,6.041840829147961,1.8674130210197202,13.847474399381248,-2.274460792099988,5.270055610029662,11.949020558499466,5.8645969636531285,10.372714207773368,0.0
Phe,C=CC(=O)Nc1ccccc1,polymer,node,0.6348931197981773,2,6.076020106833881,1.9219531103274652,9.253740079365079,0.7147761206262025,-0.18407407407407383,2.5454545454545454,3.3117311728135674,-1.5699999999999998,2,18.208754243757102,5.687386274683562,-1.9843969721753654,3.3117311728135674,0,0.0,1,0,11,1.2430555555555554,5.316788604006331,0.0,0,-0.3225326389959912,1,0.0,1.2267218615520314,29.1,42.98679113274043,0.24726245474906758,0.0,253.52506007307377,0,0.7147761206262025,0.3225326389959912,1.8111,0.0,5.316788604006331,3.562154412456972,-0.18407407407407383,3.3447283635676492,6.079456686788166,0.0,1,5.907179729351506,65.54801071415433,147.068413908,1,5.325698502695489,5.316788604006331,2.0341290908271974,1,4.794537184071822,1.2267218615520314,10.75204081632653,11.594566004035068,0.0,2,147.177,2.059400319127501,1,56,2.6345833333333335,4.794537184071822,0.0,0.18407407407407383,0.0,1,1,1,0,7.536044538706258,16.148470823536993,1.3636363636363635,0.7892592592592595,0,2.647835114505797,10.75204081632653,8.104448006685086,42.98679113274043,11.895724287604828,2.0,-0.11142724795874198,0.24726245474906758,24.778036888983326,0.0,4.794537184071822,2.255834649904307,10.75204081632653,0,0,0.0,45.268700000000024,138.105,5.687386274683562,2.059400319127501,30.33183534230805,-2.0599283892897224,6.079456686788166,5.907179729351506,5.982584772005398,10.298689599661317,0.0
Do,CCCCCCCCCCCCNC(=O)C=C,polymer,node,0.40099061001556274,2,63.863414713167984,1.9392513553367756,0.0,1.8961938183301652,-0.05469986205622068,1.8823529411764706,7.211707742070429,-0.79,12,12.49684172975989,12.965578028838586,-2.027759800520634,7.211707742070429,9,0.0,1,0,17,14.611155943741554,6.544756405912575,0.0,0,-0.35257308310047936,1,0.0,3.014956348103879,29.1,12.654955790432378,0.24288130004392242,0.0,189.36084112383594,0,1.8961938183301652,0.35257308310047936,4.209500000000003,0.0,5.316788604006331,13.275746219592374,-0.05469986205622068,6.466659363286903,11.470879933892062,71.13195342895074,0,5.907179729351506,106.87022188084966,239.224914548,0,8.308060412490448,5.316788604006331,2.095536746430586,1,4.794537184071822,3.014956348103879,10.842977114502984,5.907179729351506,0.0,2,239.40299999999996,4.677132125979162,0,100,2.800574107191448,4.794537184071822,5.316788604006331,0.05469986205622068,71.13195342895074,1,0,0,0,16.21,16.14839679854146,0.9411764705882353,0.0,0,2.9835680853039475,10.842977114502984,12.769738424614747,12.654955790432378,18.819461487295452,1.411764705882353,-0.11598934483172448,0.24288130004392242,71.29006748962323,0.8,4.794537184071822,13.144579379083527,10.842977114502984,0,0,0.0,75.05070000000005,210.17099999999996,6.544756405912575,4.677132125979162,0.0,-2.2113317824242267,11.470879933892062,12.45193613526408,5.862227374672514,10.066237907008205,0.0
Bam,CCCCNC(=O)C=C,polymer,node,0.44422886646642923,2,6.076020106833881,1.8835656564873313,0.0,0.46053364655034457,-0.08013888888888854,2.888888888888889,3.2117077420704288,-0.79,4,12.49684172975989,19.386399651764595,-1.9669911601075958,3.2117077420704288,1,0.0,1,0,9,3.4371655328798187,6.544756405912575,0.0,0,-0.35257326265899674,1,0.0,1.0149563481038786,29.1,12.654955790432378,0.2428812987518473,0.0,99.089273230246,0,0.46053364655034457,0.35257326265899674,1.0887,0.0,5.316788604006331,5.348696255201112,-0.08013888888888854,6.17593253968254,5.814025684399679,19.765380445542643,0,5.907179729351506,55.95068496567674,127.099714036,0,4.308060412490447,5.316788604006331,1.8113708557111954,1,4.794537184071822,1.0149563481038786,10.457457482993197,5.907179729351506,0.0,2,127.18699999999997,1.8487050012329722,0,52,2.67625,4.794537184071822,5.316788604006331,0.08013888888888854,19.765380445542643,1,0,0,0,8.210000000000003,16.148388963475295,1.7777777777777777,0.0,0,3.0655033793880806,10.457457482993197,7.112884175122364,12.654955790432378,18.819461487295452,2.4444444444444446,-0.11598220544870304,0.2428812987518473,19.923494506215132,0.5714285714285714,4.794537184071822,5.074900256974754,10.457457482993197,0,0,0.0,38.11469999999999,114.08299999999998,6.544756405912575,1.8487050012329722,0.0,-2.209242381912959,5.814025684399679,12.45193613526408,5.862194996872265,10.324920337978936,0.0
Oct,CCCCCCCCNC(=O)C=C,polymer,node,0.4546800236449789,2,38.18012822146393,1.9229785100327967,0.0,1.189087037143618,-0.06152019295372435,2.4615384615384617,5.211707742070429,-0.79,8,12.49684172975989,12.965578028838586,-2.011703484345778,5.211707742070429,5,0.0,1,0,13,8.854882506045474,6.544756405912575,0.0,0,-0.35257308310047936,1,0.0,2.0149563481038784,29.1,12.654955790432378,0.24288130004392242,0.0,143.0257051333355,0,1.189087037143618,0.35257308310047936,2.6491000000000007,0.0,5.316788604006331,9.29920606601249,-0.06152019295372435,6.38924795978232,8.64245280914587,45.448666937246685,0,5.907179729351506,81.41045342326319,183.162314292,0,6.308060412490448,5.316788604006331,2.0330799325818627,1,4.794537184071822,2.0149563481038784,10.717822613243339,5.907179729351506,0.0,2,183.295,3.262918563606067,0,76,2.766233780549257,4.794537184071822,5.316788604006331,0.06152019295372435,45.448666937246685,1,0,0,0,12.21,16.148393187652026,1.2307692307692308,0.0,0,2.9908869946341197,10.717822613243339,9.941311299868556,12.654955790432378,18.819461487295452,1.8461538461538463,-0.11598855916384737,0.24288130004392242,45.60678099791917,0.7272727272727273,4.794537184071822,9.121649676096776,10.717822613243339,0,0,0.0,56.58270000000004,162.12699999999998,6.544756405912575,3.262918563606067,0.0,-2.211313047280528,8.64245280914587,12.45193613526408,5.862216739685109,10.121098469307759,0.0
Olam,CCCCCCCC/C=C\CCCCCCCCNC(=O)C(=C),polymer,node,0.1892971907847445,2,89.54670120487204,1.9361932004187608,0.0,2.6562734737160096,-0.057642061123158284,1.7826086956521738,9.861537656331487,-1.05,17,38.18012822146393,12.965578028838586,-2.0211424069804775,9.861537656331487,12,0.0,1,0,23,24.479673478363228,6.544756405912575,0.0,0,-0.3525730831004793,1,0.0,4.173204638567741,29.1,24.806996004100142,0.24288130004392242,0.0,296.2166948474685,0,2.6562734737160096,0.3525730831004793,6.3261000000000065,0.0,5.316788604006331,18.997732696897376,-0.057642061123158284,6.492267703904633,15.454007597017506,96.81523992065479,0,5.907179729351506,144.37027153504505,321.303164868,0,11.308060412490448,5.316788604006331,2.0922448978913937,1,4.794537184071822,4.173204638567741,10.936582685676253,5.907179729351506,0.0,2,321.549,6.432993697146367,0,134,2.815784859845707,4.794537184071822,5.316788604006331,0.057642061123158284,96.81523992065479,1,0,0,0,21.95,16.148402010605917,0.782608695652174,0.0,0,3.103449693707537,10.936582685676253,17.012379111734035,24.806996004100142,30.971501700963213,1.2608695652173914,-0.11599037608607363,0.24288130004392242,83.44210770329099,0.7619047619047619,4.794537184071822,18.90238723374853,10.936582685676253,0,0,0.0,102.65870000000007,282.237,6.544756405912575,6.432993697146367,0.0,-2.21132857711869,15.454007597017506,12.45193613526408,5.862247697978571,10.077276234888357,0.0
Bmam,CCCCOCNC(=O)C=C,polymer,node,0.3555101429885687,3,6.076020106833881,1.9020707797837226,0.0,0.5128976927348676,-0.19305697278911538,3.0,3.789058011260055,-0.8300000000000001,6,12.49684172975989,12.841643245852019,-2.0197840452322535,3.789058011260055,1,4.736862953800049,2,0,11,3.3636361489040056,13.337698712012402,0.0,0,-0.36125242804724744,1,6.606881964512918,1.1760856436667235,38.33,12.654955790432378,0.2446535735317798,0.0,123.26046567326583,0,0.5128976927348676,0.36125242804724744,1.0628,0.0,10.05365155780638,7.279051254089422,-0.19305697278911538,6.3819448381204325,6.92938075605009,19.765380445542643,0,12.63799647685099,67.42917230958022,157.11027872,0,5.308060412490447,5.316788604006331,1.8520953502059636,1,9.53140013787187,1.1760856436667235,10.53532745968758,5.907179729351506,0.0,3,157.213,2.151290858994242,0,64,2.512009637188209,9.53140013787187,5.316788604006331,0.19305697278911538,19.765380445542643,1,0,0,0,10.17,16.485104089038483,1.7272727272727273,0.0,0,3.0128585388016296,10.53532745968758,8.52709773749546,12.654955790432378,18.819461487295452,2.4545454545454546,-0.11768126763110144,0.2446535735317798,19.923494506215132,0.625,4.794537184071822,7.062582499486883,10.53532745968758,0,0,0.0,44.06670000000001,142.093,6.606881964512918,2.151290858994242,0.0,-2.2349747220062097,6.92938075605009,19.24487844136391,5.861286760722338,10.36134705357678,6.730816747499484
Tmb,CC(C)(C)CC(C)(C)NC(=O)C=C,polymer,node,0.669160157829324,2,6.076020106833881,2.2545464414607665,0.0,1.7545654929026258,-0.10254629629629597,2.076923076923077,4.608154351477155,-0.79,3,31.759306598537915,6.4208216229260096,-2.3242280620112883,4.608154351477155,0,0.0,1,0,13,2.2539583333333333,0.0,5.414990469396779,0,-0.34767681536040834,1,0.0,1.6192553976858064,29.1,12.654955790432378,0.24329002362101104,0.0,198.6260435051196,0,1.7545654929026258,0.34767681536040834,2.503400000000001,5.414990469396779,5.316788604006331,3.9454392082491943,-0.16317129629629634,13.968642762660622,9.399812122026585,46.578432873762466,0,16.86109545113163,81.41045342326318,183.162314292,0,5.661613803083721,5.316788604006331,2.260534071584562,1,4.794537184071822,1.6192553976858064,11.084108560090701,5.907179729351506,0.0,2,183.295,5.314695258902706,0,76,2.905486111111111,4.794537184071822,5.316788604006331,0.10254629629629597,41.03950762137913,1,0,0,0,12.21,16.148907661117317,1.3076923076923077,0.05701719576719566,0,4.23655156601375,11.084108560090701,10.69867061274927,12.654955790432378,32.6669358866767,1.7692307692307692,-0.11778113652620736,0.24329002362101104,27.35014728267037,0.7272727272727273,4.794537184071822,6.378132617764067,11.084108560090701,0,0,0.0,56.49070000000004,162.12699999999998,5.538925252383345,5.314695258902706,13.847474399381248,-2.4458523013731592,9.399812122026585,11.446104981734852,5.869078039222119,9.815912303822657,0.0
